number,type,gu,area,room,lat,long
1,다가구,동작구,490.16,8,37.5054356,126.9474484
2,다가구,양천구,259.37,8,37.5453473,126.8424511
3,다가구,강서구,349.05,7,37.5580633,126.8620284
4,다가구,서대문구,360.03,7,37.5915224,126.932577
5,다가구,도봉구,286.08,7,37.67055,127.0484288
6,다가구,도봉구,289.26,7,37.67055,127.0484288
7,다가구,은평구,330.62,7,37.6084975,126.9333785
8,다가구,은평구,248.04,7,37.6309522,126.9261497
9,다가구,은평구,219.86,7,37.6164337,126.931714
10,다가구,강북구,263.93,7,37.6197987,127.0320277
11,다가구,마포구 ,302.71,12,37.5644295,126.9124099
12,다가구,서초구 ,587.04,10,37.4948185,126.9980369
13,다가구,강서구,340.09,9,37.5478136,126.8591521
14,다가구,광진구,509.1,13,37.5496821,127.0764605
15,다가구,도봉구,571.11,14,37.66773,127.02436
16,다가구,강서구,579.78,13,37.5412794,126.8648343
17,다가구,중랑구,454.7,13,37.6125231,127.1133397
18,다가구,광진구,304.2,5,37.5788009,127.0947014
19,다가구,성북구,451.28,20,37.6176549,127.023154
20,다가구,구로구,395.78,10,37.4999208,126.8627442
21,다가구,광진구,452.39,6,37.5694283,127.102805
22,다가구,성북구,207.32,7,37.6201787,127.074872
23,다가구,은평구,313.11,7,37.6337757,126.9258386
24,다가구,서대문구,486,6,37.6027107,126.9432029
25,다가구,성북구,362.22,6,37.6211612,127.0222257
26,다가구,성북구,273.39,6,37.59371,127.03359
27,다가구,은평구,230.04,10,37.614675,126.9212717
28,다가구,서초구 ,508.48,16,37.4839958,127.0516062
29,다가구,성북구,563.22,14,37.6257707,127.0575042
30,다가구,서대문구,431.76,9,37.5930253,126.9295184
31,다가구,은평구,243.57,7,37.59151655,126.9158
32,다가구,은평구,449.76,8,37.6098977,126.9377616
33,다가구,광진구,490.44,12,37.5496821,127.0764605
34,다가구,강서구,455.15,10,37.5521192,126.8559678
35,다가구,도봉구,153.81,5,37.6751832,127.0526274
36,다가구,광진구,452.63,8,37.5663216,127.1012831
37,다가구,관악구,220.09,7,37.4888201,126.9445025
38,다가구,성북구,264.48,7,37.6178819,127.04572
39,다가구,광진구,220.05,13,37.5523162,127.1024311
40,다가구,광진구,287.82,6,37.5523162,127.1024311
41,다가구,강서구,229.98,6,37.5403815,126.8638236
42,다가구,양천구,371.21,8,37.5550492,126.8858003
43,다가구,중랑구,195.7,5,37.6184996,127.0841453
44,다가구,은평구,271.29,5,37.6279737,126.9144781
45,다가구,강서구,220.08,5,37.5443888,126.8624049
46,다가구,중랑구,200,5,37.6184996,127.0841453
47,다가구,성동구,575.14,12,37.5805367,127.0493374
48,다가구,서대문구,323.9,5,37.5805041,126.9355441
49,다가구,서대문구,341.28,7,37.5872615,126.9170281
50,다가구,마포구 ,67,9,37.5701246,126.918565
51,다가구,서대문구,84.86,1,37.5894396,126.9249143
52,다가구,구로구,268.1,5,37.4992339,126.8968481
53,다가구,강북구,209.78,5,37.655791,127.0218307
54,다가구,은평구,292.08,6,37.6256806,126.9226848
55,다가구,은평구,290.32,7,37.6344047,126.9316946
56,다가구,도봉구,279.48,7,37.6425129,127.053492
57,다가구,강동구,501.59,11,37.551245,127.1457519
58,다가구,성북구,367.32,10,37.5973566,127.0392969
59,다가구,서대문구,361.86,10,37.597684,126.9405933
60,다가구,동대문구,482.68,10,37.5811261,127.0417843
61,다가구,구로구,199.53,5,37.5068121,126.8942901
62,다가구,구로구,349.12,8,37.5066514,126.8952121
63,다가구,강북구,217.17,5,37.63197,127.02286
64,다가구,도봉구,236.15,5,37.6590009,127.0389774
65,다가구,도봉구,248.06,5,37.6786889,127.0453376
66,다가구,마포구 ,187.72,5,37.5639725,126.9120972
67,다가구,마포구 ,235.62,5,37.5783333,126.919105
68,다가구,마포구 ,457.63,5,37.567211,126.9256473
69,다가구,은평구,189.45,5,37.6287962,126.9215198
70,다가구,은평구,236.15,5,37.6367683,126.9326756
71,다가구,은평구,362.12,6,37.6372075,126.9318437
72,다가구,서대문구,199.14,5,37.5860713,126.915117
73,다가구,광진구,146.8,5,37.575759,127.088937
74,다가구,강서구,256.89,6,37.558048,126.8610911
75,다가구,양천구,199.08,5,37.5555221,126.8783325
76,다가구,양천구,199.08,5,37.5555221,126.8783325
77,다가구,동작구,481.68,9,37.5054356,126.9474484
78,다가구,마포구 ,316.3,5,37.5658022,126.9298792
79,다가구,은평구,199.53,5,37.635113,126.9232918
80,다가구,은평구,218.17,5,37.635113,126.9232918
81,다가구,강서구,161.1,5,37.5380655,126.8566458
82,다가구,중랑구,214.32,7,37.6009039,127.1104988
83,다가구,마포구 ,266.76,9,37.5751159,126.9170461
84,다가구,양천구,238.18,6,37.5382163,126.8472472
85,다가구,광진구,281.72,5,37.5668431,127.1052511
86,다가구,은평구,348.04,7,37.630417,126.9249001
87,다가구,관악구,275.46,6,37.4795004,126.9324394
88,다가구,은평구,314.79,7,37.6344047,126.9316946
89,다가구,은평구,200.47,7,37.6128633,126.9240128
90,다가구,은평구,265.77,10,37.5933204,126.9305702
91,다가구,종로구,403.41,10,37.624825,126.9857433
92,다가구,종로구,595.52,8,37.624825,126.9857433
93,다가구,양천구,167.25,5,37.5348238,126.8552099
94,다가구,노원구,232.26,5,37.6242921,127.0724259
95,다가구,강서구,153.54,5,37.5384255,126.8537594
96,다가구,강서구,81.8,5,37.5429233,126.8671161
97,다가구,광진구,166.37,5,37.5465754,127.0931186
98,다가구,성북구,257.29,5,37.6105777,127.0465639
99,다가구,관악구,197.76,5,37.4906781,126.9344361
100,다가구,은평구,372.3,7,37.6286806,126.9256848
101,다가구,강서구,203.13,5,37.5602272,126.8624442
102,다가구,은평구,209.18,9,37.6150461,126.92184
103,다가구,강서구,285.51,6,37.5453248,126.8666172
104,다가구,은평구,519.42,11,37.64763,126.93015
105,다가구,은평구,436.79,7,37.64763,126.93015
106,다가구,은평구,534.87,9,37.64763,126.93015
107,다가구,성북구,299.38,7,37.624564,127.0273668
108,다가구,양천구,238.52,5,37.5571261,126.8766707
109,다가구,도봉구,174.87,5,37.6645671,127.0398897
110,다가구,도봉구,178.25,6,37.67355,127.0514288
111,다가구,관악구,195.03,5,37.4918201,126.9475025
112,다가구,성북구,227.52,5,37.6290606,127.057307
113,다가구,은평구,247.32,6,37.6393427,126.9274552
114,다가구,은평구,247.32,6,37.6393427,126.9274552
115,다가구,은평구,191.62,5,37.6367757,126.9288386
116,다가구,성북구,219.19,6,37.6006343,127.0262872
117,다가구,양천구,479,10,37.5557255,126.8804458
118,다가구,강동구,313.28,8,37.554245,127.1487519
119,다가구,관악구,309.06,7,37.5016188,126.9460338
120,다가구,강서구,174.39,5,37.5433815,126.8668236
121,다가구,성북구,206.76,9,37.6241612,127.0252257
122,다가구,은평구,452.41,11,37.6368452,126.9359663
123,다가구,은평구,343.82,7,37.6365297,126.9270701
124,다가구,강서구,247.17,5,37.5414255,126.8567594
125,다가구,관악구,343.53,8,37.4912122,126.9484375
126,다가구,서대문구,145.17,6,37.5807446,126.9474046
127,다가구,강서구,457.08,11,37.5508136,126.8621521
128,다가구,강서구,290.4,6,37.5410655,126.8596458
129,다가구,관악구,246.69,7,37.5005699,126.9338762
130,다가구,양천구,228.97,6,37.5411971,126.8730659
131,다가구,광진구,147.75,5,37.578759,127.091937
132,다가구,양천구,236.62,7,37.5401443,126.8674091
133,다가구,도봉구,486.63,19,37.6610895,127.0355284
134,다가구,은평구,279.69,5,37.63784395,126.9389097
135,다가구,관악구,317.37,7,37.490132,126.9326208
136,다가구,강서구,216.17,5,37.5508136,126.8621521
137,다가구,구로구,231.7,6,37.50707,126.8456162
138,다가구,광진구,252,5,37.5799792,127.0919169
139,다가구,성북구,243.72,5,37.6170394,127.0293632
140,다가구,성북구,411.88,14,37.6265855,127.0230657
141,다가구,광진구,226.76,5,37.575759,127.0895353
142,다가구,동작구,196.02,5,37.5118591,126.9415626
143,다가구,성북구,255.42,8,37.6248401,127.0268675
144,다가구,강서구,65.73,2,37.5429233,126.8671161
145,다가구,성북구,274.88,6,37.617423,127.0282037
146,다가구,종로구,482.43,15,37.586229,126.9763244
147,다가구,송파구,299.97,8,37.5149891,127.1207262
148,다가구,성북구,260.22,5,37.6228986,127.0254443
149,다가구,강남구,450.86,14,37.5070375,127.054041
150,다가구,관악구,337.68,7,37.5061786,126.9432148
151,다가구,양천구,247.86,7,37.5418617,126.8748791
152,다가구,강서구,252.87,5,37.579856,126.8195969
153,다가구,강서구,246.99,6,37.5446828,126.8745354
154,다가구,강북구,433.1,12,37.6456114,127.0295421
155,다가구,도봉구,485.42,15,37.6613697,127.0423483
156,다가구,성북구,229.2,7,37.6212949,127.0622284
157,다가구,성북구,143.53,5,37.6195573,127.0727724
158,다가구,성북구,265.6,6,37.6245989,127.0251935
159,다가구,용산구,258,6,37.5642733,126.9818983
160,다가구,성북구,793.28,19,37.6208848,127.0145427
161,다가구,성북구,349.86,8,37.6252805,127.0652071
162,다가구,노원구,414.05,9,37.6365199,127.0664416
163,다가구,양천구,280.94,6,37.5571261,126.8766707
164,다가구,서대문구,295.05,6,37.6078614,126.946335
165,다가구,도봉구,443.18,8,37.6980463,127.0561561
166,다가구,강북구,270.24,7,37.6476147,127.0282114
167,다가구,도봉구,531.93,13,37.6391199,127.062048
168,다가구,송파구,573.54,15,37.5050451,127.1632623
169,다가구,강동구,286.71,8,37.5685553,127.1481204
170,다가구,강북구,424.95,8,37.6586753,127.034263
171,다가구,강북구,273.71,6,37.6426076,127.0277022
172,다가구,성북구,66.4,15,37.6021205,127.0208031
173,다가구,은평구,458.19,8,37.6150461,126.92184
174,다가구,도봉구,163.59,8,37.6630575,127.0380252
175,다가구,강남구,215.7,8,37.506906,127.0475257
176,다가구,강동구,425.88,9,37.4955572,126.869878
177,다가구,강북구,195.84,4,37.6426076,127.0277022
178,다가구,양천구,215.4,5,37.5441136,126.8415241
179,다가구,송파구,490.29,16,37.5025492,127.1412123
180,다가구,도봉구,365.18,7,37.6708385,127.0408246
181,다가구,강북구,292.48,7,37.6299303,127.0695492
182,다가구,양천구,300.56,7,37.5401443,126.8674091
183,다가구,양천구,384.96,8,37.5321694,126.8524132
184,다가구,양천구,384.96,8,37.5321694,126.8524132
185,다가구,강서구,474.11,10,37.5590717,126.8563166
186,다가구,강서구,310.8,7,37.5587012,126.8584576
187,다가구,강서구,298.62,11,37.5607023,126.8645543
188,다가구,광진구,175.16,11,37.5465754,127.0931186
189,다가구,강서구,357.76,8,37.564499,126.8742757
190,다가구,강북구,582.31,10,37.6560299,127.0259437
191,다가구,은평구,192.89,4,37.6259135,126.9331902
192,다가구,강북구,359.13,6,37.6598691,127.0322678
193,다가구,양천구,221.14,5,37.5323513,126.863791
194,다가구,양천구,198.24,4,37.5411971,126.8730659
195,다가구,강서구,309.32,6,37.5508136,126.8621521
196,다가구,노원구,321.75,12,37.6365199,127.0664416
197,다가구,관악구,100.64,5,37.5055683,126.8810234
198,다가구,구로구,308.79,6,37.5021293,126.8658384
199,다가구,강동구,263.15,11,37.553447,127.1635459
200,다가구,은평구,593.3,10,37.6076102,126.9257988
201,다가구,은평구,287.88,5,37.61881,126.92749
202,다가구,은평구,144.66,4,37.6234869,126.9411249
203,다가구,강동구,164.8,4,37.5459263,127.1533199
204,다가구,성북구,145.65,30,37.6126314,127.0168067
205,다가구,강북구,402.64,8,37.6597036,127.0328294
206,다가구,성북구,193.28,4,37.6192299,127.0249673
207,다가구,성북구,82.42,17,37.622128,127.0238888
208,다가구,성북구,76.59,22,37.6201169,127.0202404
209,다가구,성북구,95.22,14,37.629513,127.0218038
210,다가구,강동구,50.95,20,37.5628685,127.1453193
211,다가구,강북구,149.24,4,37.6444927,127.0397047
212,다가구,강북구,187.08,6,37.6564217,127.0222215
213,다가구,강서구,176.32,4,37.5589648,126.8626284
214,다가구,강서구,172.62,4,37.5587012,126.8584576
215,다가구,강서구,242.7,5,37.5679937,126.8655522
216,다가구,구로구,210.36,7,37.5060673,126.8634058
217,다가구,은평구,257.74,4,37.6380948,126.9406977
218,다가구,은평구,289.44,11,37.6146708,126.9383264
219,다가구,은평구,251.25,4,37.6317962,126.9245198
220,다가구,양천구,297.24,4,37.5598655,126.8789595
221,다가구,강서구,508.77,10,37.5490126,126.8706656
222,다가구,강서구,548.92,12,37.561048,126.8640911
223,다가구,강서구,222.92,5,37.5462893,126.8551888
224,다가구,강서구,200.42,4,37.5519912,126.8579118
225,다가구,강서구,122.17,3,37.5549275,126.8611889
226,다가구,강서구,213.32,6,37.5501189,126.8579833
227,다가구,강북구,175.29,5,37.64896,127.04801
228,다가구,강북구,436,8,37.6573213,127.0278196
229,다가구,도봉구,207.84,4,37.6487689,127.0532043
230,다가구,도봉구,330.4,7,37.6656065,127.0518174
231,다가구,강서구,295.17,6,37.5512607,126.869148
232,다가구,강서구,373.31,7,37.5492849,126.8645424
233,다가구,강서구,186.92,4,37.5515886,126.8632701
234,다가구,강서구,470.98,9,37.5619006,126.8628596
235,다가구,금천구,479.84,8,37.48825,126.91644
236,다가구,서초구,254.57,7,37.5071733,127.0144669
237,다가구,은평구,237.09,5,37.6359371,126.9263868
238,다가구,도봉구,478.5,8,37.6815187,127.0470101
239,다가구,강동구,241.6,6,37.547746,127.1364814
240,다가구,양천구,548.44,12,37.55363825,126.8844856
241,다가구,은평구,180.54,3,37.6283047,126.9360983
242,다가구,양천구,382.92,7,37.5455257,126.844595
243,다가구,관악구,166.15,6,37.4817863,126.9361333
244,다가구,강서구,151.56,4,37.5509589,126.8714522
245,다가구,강서구,209.84,5,37.549955,126.8684935
246,다가구,강서구,287.97,6,37.5632717,126.8621135
247,다가구,강동구,289.93,5,37.5667234,127.1425355
248,다가구,은평구,183.06,4,37.6218298,126.9271195
249,다가구,은평구,204.71,5,37.6410048,126.9302024
250,다가구,강북구,236.18,5,37.6528771,127.0236731
251,다가구,강동구,287.14,8,37.5655546,127.1408186
252,다가구,강서구,202.68,4,37.5498353,126.8631137
253,다가구,동작구,586.47,11,37.5068089,126.943727
254,다가구,은평구,153.39,5,37.639915,126.9382616
255,다가구,강서구,154.97,5,37.5430092,126.8635581
256,다가구,양천구,242.52,5,37.5450334,126.8472573
257,다가구,은평구,150.12,5,37.6347251,126.936802
258,다가구,송파구,291.24,6,37.5048412,127.1611794
259,다가구,강서구,234.12,5,37.5607023,126.8645543
260,다가구,성북구,239.78,16,37.6216498,127.0202166
261,다가구,양천구,225.75,5,37.5460168,126.8473455
262,다가구,양천구,426.56,8,37.5418913,126.8474558
263,다가구,양천구,404.84,8,37.5418913,126.8474558
264,다가구,송파구,117.03,4,37.5102084,127.1592525
265,다가구,관악구,180.1,8,37.4962106,126.9287362
266,다가구,강동구,126.3,4,37.5685553,127.1481204
267,다가구,서대문구,164.97,11,37.595635,126.9341963
268,다가구,영등포구,73.71,3,37.5268604,126.9255981
269,다가구,강북구,412.21,19,37.660614,127.03358
270,다가구,양천구,298.12,6,37.5440258,126.8455499
271,다가구,금천구,178.26,3,37.48825,126.91644
272,다가구,강서구,221.79,6,37.5512869,126.8592386
273,다가구,강북구,330.66,8,37.6600193,127.0270614
274,다가구,구로구,242.19,5,37.5050335,126.8645023
275,다가구,은평구,116.26,6,37.6363202,126.9420951
276,다가구,강서구,225.84,5,37.561048,126.8640911
277,다가구,강서구,187.84,5,37.5414255,126.8567594
278,다가구,송파구,172.81,13,37.5195651,127.0949238
279,다가구,강남구,88.28,14,37.5307916,127.0515397
280,다가구,송파구,274.26,6,37.5054815,127.1617183
281,다가구,은평구,197.43,5,37.6374047,126.9346946
282,다가구,서대문구,373.66,7,37.5924396,126.9279143
283,다가구,은평구,314.94,7,37.6287246,126.9196611
284,다가구,도봉구,255,6,37.6786736,127.0514164
285,다가구,도봉구,172.09,3,37.6634914,127.0365358
286,다가구,도봉구,372.72,8,37.6727524,127.0519719
287,다가구,강북구,613.2,12,37.6392519,127.0286888
288,다가구,양천구,251.96,5,37.541345,126.8495355
289,다가구,양천구,247.32,5,37.5500614,126.8805314
290,다가구,양천구,275.82,6,37.5571554,126.882384
291,다가구,관악구,317.32,7,37.4881665,126.9451574
292,다가구,강서구,249.12,5,37.5589648,126.8626284
293,다가구,강서구,203.97,5,37.5556429,126.8489534
294,다가구,강서구,147,3,37.570558,126.8719126
295,다가구,은평구,198.36,5,37.6262652,126.9221774
296,다가구,은평구,235.35,5,37.6158633,126.9270128
297,다가구,송파구,292.22,6,37.5051612,127.1614516
298,다가구,광진구,485.2,14,37.5630585,127.1071037
299,다가구,도봉구,236.04,6,37.6724389,127.0500818
300,다가구,노원구,147.05,6,37.635094,127.0740905
301,다가구,종로구,297.18,7,37.6127487,126.9705271
302,다가구,강동구,92.71,12,37.562408,127.1432817
303,다가구,강서구,234.15,5,37.561048,126.8640911
304,다가구,은평구,161.65,11,37.6198871,126.9257174
305,다가구,관악구,261.86,7,37.4825999,126.9513157
306,다가구,은평구,482.87,11,37.6336922,126.9339477
307,다가구,은평구,195.66,3,37.6286806,126.9256848
308,다가구,양천구,177.63,5,37.5516118,126.8417677
309,다가구,은평구,180.72,3,37.6154198,126.9363567
310,다가구,강남구,127.14,9,37.5200535,127.0372091
311,다가구,강서구,605.57,12,37.56162,126.86329
312,다가구,강북구,326.64,8,37.6570924,127.0403515
313,다가구,도봉구,326.13,7,37.6727524,127.0519719
314,다가구,강서구,199.17,5,37.5436257,126.8540806
315,다가구,성북구,162.76,4,37.6006343,127.0262872
316,다가구,강서구,271.3,6,37.5490126,126.8706656
317,다가구,강동구,270.4,6,37.5413791,127.1465173
318,다가구,중구,418.65,10,37.5639668,127.0177271
319,다가구,관악구,226.36,5,37.4970815,126.9327624
320,다가구,양천구,576.69,10,37.5544016,126.845475
321,다가구,관악구,166.12,3,37.4870315,126.9553546
322,다가구,강북구,106.55,3,37.6355811,127.0273211
323,다가구,강서구,199.92,4,37.542266,126.8566032
324,다가구,은평구,217.53,4,37.6400971,126.9297294
325,다가구,은평구,250.23,5,37.6402824,126.9404189
326,다가구,은평구,149.29,2,37.6339522,126.9291497
327,다가구,관악구,211.95,6,37.4871904,126.9542065
328,다가구,도봉구,417.9,8,37.6762472,127.049049
329,다가구,도봉구,373.89,8,37.6819023,127.0498365
330,다가구,양천구,405.52,8,37.55577005,126.8862366
331,다가구,강북구,391.31,8,37.6619025,127.0277954
332,다가구,강북구,442.37,8,37.6588859,127.029172
333,다가구,강북구,460.16,8,37.6588859,127.029172
334,다가구,강서구,250.81,6,37.5535635,126.8655606
335,다가구,양천구,148.08,3,37.5412163,126.8502472
336,다가구,은평구,259.19,7,37.6402075,126.9348437
337,다가구,금천구,211.52,6,37.4622161,126.9219773
338,다가구,구로구,287.66,7,37.5147032,126.8679219
339,다가구,강서구,149.52,5,37.5494885,126.852902
340,다가구,강서구,230.85,5,37.5442435,126.8744026
341,다가구,양천구,197.55,5,37.5441136,126.8415241
342,다가구,구로구,298.82,7,37.5203062,126.8613336
343,다가구,강북구,373.38,8,37.658791,127.0248307
344,다가구,강동구,175.52,5,37.56156,127.14417
345,다가구,은평구,586.59,11,37.6302805,126.9252776
346,다가구,양천구,171,5,37.5516118,126.8417677
347,다가구,양천구,207.3,6,37.5354188,126.8684497
348,다가구,강서구,403.92,8,37.5474142,126.868172
349,다가구,강서구,160.39,5,37.5508136,126.8621521
350,다가구,양천구,176.31,5,37.5514268,126.8447054
351,다가구,은평구,88.92,6,37.6099476,126.9180102
352,다가구,은평구,197.28,5,37.6223047,126.9300983
353,다가구,강서구,217.21,5,37.55497,126.8477763
354,다가구,도봉구,84,18,37.6569406,127.0326109
355,다가구,도봉구,416.16,8,37.6568174,127.0338547
356,다가구,도봉구,339.02,7,37.6568174,127.0338547
357,다가구,성북구,249.6,5,37.5962068,127.0186805
358,다가구,도봉구,349.92,8,37.66755,127.0454288
359,다가구,관악구,188.12,5,37.4833804,126.9390054
360,다가구,강북구,348.12,7,37.6538025,127.0248374
361,다가구,송파구,375.14,7,37.4986448,127.1550103
362,다가구,양천구,240.48,5,37.54825275,126.879824
363,다가구,은평구,242.63,6,37.4880336,126.8701679
364,다가구,강서구,154.7,4,37.5369233,126.8611161
365,다가구,서대문구,249.81,5,37.5893772,126.9235784
366,다가구,마포구,425.78,16,37.5708669,126.9180999
367,다가구,동작구,141.21,27,37.4877278,126.9806291
368,다가구,성북구,273.09,6,37.618564,127.0213668
369,다가구,양천구,241.69,5,37.547536,126.8778873
370,다가구,중랑구,199.4,6,37.624319,127.0884352
371,다가구,구로구,199.95,5,37.4961293,126.8598384
372,다가구,도봉구,409.12,8,37.6756889,127.0423376
373,다가구,도봉구,324.48,8,37.6726736,127.0454164
374,다가구,도봉구,550.73,10,37.6721832,127.0496274
375,다가구,도봉구,432.2,8,37.6650715,127.0464323
376,다가구,은평구,559.59,21,37.6120265,126.9193683
377,다가구,강동구,247.9,6,37.5497819,127.1422871
378,다가구,서초구,602.65,12,37.477546,127.055842
379,다가구,강동구,482.38,9,37.5540401,127.1518588
380,다가구,양천구,178.79,5,37.5373714,126.8364327
381,다가구,강서구,183.54,5,37.5441189,126.8519833
382,다가구,은평구,146.14,8,37.6162709,126.9187867
383,다가구,양천구,589.73,11,37.535345,126.8435355
384,다가구,강서구,202.77,5,37.5391626,126.8578449
385,다가구,은평구,110.78,8,37.632113,126.9202918
386,다가구,강동구,260.01,6,37.5323602,127.1373722
387,다가구,서대문구,167.22,5,37.590082,126.9281485
388,다가구,구로구,572.22,10,37.4963018,126.8597079
389,다가구,도봉구,194,26,37.6553697,127.0363483
390,다가구,은평구,224.04,5,37.6267433,126.9347419
391,다가구,은평구,334.02,7,37.5903204,126.9275702
392,다가구,도봉구,327.23,8,37.66755,127.0454288
393,다가구,도봉구,456.98,10,37.6759023,127.0438365
394,다가구,도봉구,450.72,8,37.6685524,127.0558382
395,다가구,도봉구,546.38,10,37.6756889,127.0423376
396,다가구,은평구,436.03,7,37.6298064,126.9363593
397,다가구,강동구,301.17,7,37.5602001,127.1412007
398,다가구,도봉구,353.37,8,37.6667524,127.0459719
399,다가구,강북구,475.53,10,37.64842,127.00866
400,다가구,도봉구,561.28,12,37.6730526,127.0396512
401,다가구,구로구,266.03,7,37.4931005,126.8583964
402,다가구,관악구,248.65,6,37.4754149,126.9432959
403,다가구,강서구,234.75,6,37.5441189,126.8519833
404,다가구,도봉구,270.08,4,37.6517361,127.0466439
405,다가구,도봉구,293.58,8,37.6553637,127.0327574
406,다가구,도봉구,466.38,8,37.67299,127.04186
407,다가구,중랑구,77.87,6,37.6095231,127.1103397
408,다가구,도봉구,285.96,4,37.6698691,127.0447216
409,다가구,은평구,199.95,5,37.6039476,126.9120102
410,다가구,도봉구,521.52,8,37.6485848,127.0460855
411,다가구,강북구,351.92,8,37.6497759,127.0240512
412,다가구,강북구,171.93,23,37.653668,127.0188419
413,다가구,강북구,447.88,8,37.6515429,127.0188598
414,다가구,강북구,518.19,10,37.6471008,127.025529
415,다가구,노원구,322.9,7,37.6248385,127.0662609
416,다가구,강북구,389.44,8,37.6516091,127.0204304
417,다가구,강서구,339.87,8,37.5430126,126.8646656
418,다가구,성북구,402.77,6,37.6179738,127.0097991
419,다가구,성북구,325.92,5,37.6137981,127.0158113
420,다가구,강서구,329.06,6,37.5407774,126.8620804
421,다가구,강북구,316.4,8,37.6513213,127.0218196
422,다가구,강북구,520.4,10,37.6456262,127.0401248
423,다가구,도봉구,462.76,8,37.66755,127.0454288
424,다가구,강서구,530.28,9,37.5452869,126.8532386
425,다가구,강서구,302.56,8,37.5632298,126.8217639
426,다가구,강북구,418.46,8,37.62897,127.01986
427,다가구,도봉구,598.32,10,37.6612546,127.0427968
428,다가구,도봉구,583.52,8,37.6698691,127.0447216
429,다가구,성북구,487.08,10,37.6113672,127.0403044
430,다가구,강동구,322.35,6,37.55556,127.13817
431,다가구,강서구,299.87,7,37.5448136,126.8561521
432,다가구,구로구,596.88,10,37.4899993,126.8564512
433,다가구,은평구,247.05,4,37.6337683,126.9296756
434,다가구,성북구,511.25,8,37.6137981,127.0158113
435,다가구,노원구,479.04,8,37.6674011,127.0844617
436,다가구,노원구,536.92,8,37.6674011,127.0844617
437,다가구,노원구,479.92,8,37.6674011,127.0844617
438,다가구,노원구,258.08,4,37.6674011,127.0844617
439,다가구,관악구,193.56,5,37.4821665,126.9391574
440,다가구,도봉구,199.26,5,37.6586641,127.0304994
441,다가구,강서구,607.48,8,37.5592075,126.8546941
442,다가구,강북구,334.44,6,37.6396114,127.0235421
443,다가구,강북구,486.54,8,37.6396114,127.0235421
444,다가구,강서구,569.79,12,37.555048,126.8580911
445,다가구,송파구,311.8,8,37.5129599,127.1375913
446,다가구,중랑구,257.42,14,37.6179333,127.082109
447,다가구,성북구,597.86,10,37.6263161,127.005296
448,다가구,도봉구,436.32,8,37.668474,127.0418286
449,다가구,도봉구,436.32,8,37.668474,127.0418286
450,다가구,도봉구,451.68,8,37.668474,127.0418286
451,다가구,도봉구,451.68,8,37.668474,127.0418286
452,다가구,도봉구,444,8,37.668474,127.0418286
453,다가구,도봉구,444,8,37.668474,127.0418286
454,다가구,도봉구,447.84,8,37.668474,127.0418286
455,다가구,도봉구,447.84,8,37.668474,127.0418286
456,다가구,도봉구,108.42,29,37.6566915,127.0304791
457,다가구,도봉구,479.6,8,37.6457538,127.0441504
458,다가구,도봉구,502.88,8,37.6457538,127.0441504
459,다가구,노원구,398.6,7,37.6814956,127.0596305
460,다가구,강서구,216.69,6,37.5430126,126.8646656
461,다가구,성북구,501.24,10,37.618095,127.0195702
462,다가구,양천구,474.23,10,37.5454268,126.8387054
463,다가구,강북구,520.68,20,37.643363,127.0410067
464,다가구,강북구,456.56,8,37.6540193,127.0210614
465,다가구,도봉구,271.4,7,37.6747001,127.0440501
466,다가구,성북구,533.1,10,37.6131288,127.0219823
467,다가구,강서구,299.16,6,37.5587146,126.8440942
468,다가구,강서구,480.44,8,37.551588,126.8569334
469,다가구,강북구,532.29,10,37.6537036,127.0268294
470,다가구,도봉구,472.56,8,37.6671396,127.0469018
471,다가구,도봉구,601.36,12,37.6485848,127.0460855
472,다가구,은평구,508.07,13,37.6257962,126.9185198
473,다가구,강북구,480.36,8,37.6358076,127.0233617
474,다가구,강서구,292.68,7,37.561902,126.8203442
475,다가구,은평구,543.95,12,37.6299371,126.9203868
476,다가구,은평구,201.91,7,37.6299371,126.9203868
477,다가구,은평구,598.72,12,37.6299371,126.9203868
478,다가구,중랑구,581.84,11,37.5902098,127.0842358
479,다가구,서대문구,582.59,10,37.599438,126.9407972
480,다가구,중랑구,544.47,8,37.5902098,127.0842358
481,다가구,서대문구,223.62,22,37.599438,126.9407972
482,다가구,은평구,516.55,10,37.6299371,126.9203868
483,다가구,양천구,313.08,8,37.5413666,126.8330914
484,다가구,도봉구,437.39,8,37.67142,127.04033
485,다가구,도봉구,553.68,10,37.6747617,127.0378251
486,다가구,도봉구,284.64,8,37.6566915,127.0304791
487,다가구,중랑구,576.31,24,37.5988258,127.0990954
488,다가구,강북구,440.61,8,37.6412109,127.0215774
489,다가구,강북구,445.88,8,37.6415821,127.021857
490,다가구,노원구,317.84,8,37.6390209,127.0504841
491,다가구,도봉구,552.38,10,37.6637695,127.0228804
492,다가구,도봉구,481.91,8,37.6612266,127.0251811
493,다가구,강북구,373.63,7,37.6548576,127.0255771
494,다가구,강북구,557.72,10,37.653668,127.0188419
495,다가구,동작구,213.16,6,37.4881443,126.9822886
496,다가구,관악구,104.64,19,37.4790569,126.9283583
497,다가구,성북구,404.46,7,37.6199092,127.0186597
498,다가구,강서구,492.33,8,37.5477147,126.8564632
499,다가구,강서구,595.02,10,37.5527012,126.8524576
500,다가구,강서구,73.99,19,37.5617207,126.8685232
501,다가구,강서구,390.31,8,37.5430126,126.8646656
502,다가구,도봉구,473.56,8,37.6752565,127.0479037
503,다가구,도봉구,394.21,7,37.6612266,127.0251811
504,다가구,도봉구,187.3,4,37.6569406,127.0326109
505,다가구,도봉구,312.54,8,37.6730526,127.0396512
506,다가구,도봉구,174.51,5,37.6668927,127.0434463
507,다가구,중랑구,415.73,8,37.5979039,127.1074988
508,다가구,중랑구,434.38,8,37.5993058,127.1082431
509,다가구,강북구,596.3,11,37.6427065,127.0220814
510,다가구,강북구,434.29,8,37.6538025,127.0248374
511,다가구,도봉구,452.74,7,37.6427689,127.0472043
512,다가구,강북구,321.05,7,37.6450322,127.0190005
513,다가구,양천구,487.57,9,37.5373714,126.8364327
514,다가구,양천구,403.41,8,37.5497255,126.8744458
515,다가구,도봉구,509.52,8,37.6485848,127.0460855
516,다가구,도봉구,237.42,22,37.6603129,127.0632911
517,다가구,도봉구,300.17,7,37.673929,127.0386968
518,다가구,도봉구,466.61,8,37.673929,127.0386968
519,다가구,도봉구,478.21,8,37.673929,127.0386968
520,다가구,은평구,416.53,8,37.61424,126.9264
521,다가구,은평구,531.64,16,37.6242805,126.9192776
522,다가구,성북구,595.42,10,37.618095,127.0195702
523,다가구,관악구,401.67,11,37.4730516,126.9426652
524,다가구,마포구,539.22,15,37.5596592,126.9183143
525,다가구,은평구,386.96,8,37.6267433,126.9347419
526,다가구,은평구,397.29,8,37.6267433,126.9347419
527,다가구,노원구,522.03,8,37.6798771,127.0633163
528,다가구,노원구,528.16,8,37.6798771,127.0633163
529,다가구,구로구,552.94,10,37.4975728,126.8652919
530,다가구,강서구,267.68,7,37.5439495,126.8684164
531,다가구,양천구,295.62,7,37.5423473,126.8394511
532,다가구,강북구,453.36,8,37.6429432,127.0211985
533,다가구,강북구,455.82,8,37.6346261,127.0465887
534,다가구,마포구,318.5,8,37.5623338,126.9106398
535,다가구,은평구,473.96,8,37.6218467,126.9232001
536,다가구,은평구,470.47,8,37.6218467,126.9232001
537,다가구,강서구,468.88,16,37.5448136,126.8561521
538,다가구,도봉구,528.2,9,37.673929,127.0386968
539,다가구,도봉구,527.76,10,37.673929,127.0386968
540,다가구,도봉구,527.76,10,37.673929,127.0386968
541,다가구,도봉구,209.48,4,37.6759023,127.0438365
542,다가구,도봉구,602.46,10,37.673929,127.0386968
543,다가구,도봉구,295.42,4,37.6485848,127.0460855
544,다가구,도봉구,531.6,8,37.6485848,127.0460855
545,다가구,도봉구,501.16,8,37.6469502,127.0437977
546,다가구,도봉구,391,8,37.6682829,127.0558542
547,다가구,도봉구,470.7,8,37.6918333,127.0515583
548,다가구,도봉구,460,8,37.6525145,127.0436665
549,다가구,강북구,494.04,8,37.62897,127.01986
550,다가구,강북구,469.92,8,37.62897,127.01986
551,다가구,성북구,596.78,10,37.6201502,127.0195573
552,다가구,강북구,311.41,8,37.6548576,127.0255771
553,다가구,강북구,446.43,10,37.6522099,127.0233025
554,다가구,강북구,476.24,8,37.6507255,127.019081
555,다가구,성북구,336.88,7,37.618095,127.0195702
556,다가구,은평구,596.78,12,37.6299371,126.9203868
557,다가구,은평구,596.32,12,37.6299371,126.9203868
558,다가구,강서구,484.81,8,37.5393248,126.8606172
559,다가구,도봉구,466.32,8,37.6759023,127.0438365
560,다가구,도봉구,575.12,11,37.6566915,127.0304791
561,다가구,양천구,408.49,11,37.5373714,126.8364327
562,다가구,강서구,520.44,12,37.5438353,126.8571137
563,다가구,은평구,522.26,10,37.6240002,126.9173593
564,다가구,은평구,601.5,14,37.6226806,126.9196848
565,다가구,은평구,601.72,14,37.622296,126.9186883
566,다가구,은평구,590.45,12,37.6299371,126.9203868
567,다가구,구로구,405.32,8,37.4927452,126.8607073
568,다가구,양천구,442.66,8,37.5373714,126.8364327
569,다가구,양천구,421.58,8,37.5373714,126.8364327
570,다가구,도봉구,369.14,7,37.6409762,127.0483177
571,다가구,강서구,326.73,7,37.5480864,126.8557019
572,다가구,도봉구,227.72,4,37.6458764,127.0435033
573,다가구,도봉구,505.48,8,37.6458764,127.0435033
574,다가구,도봉구,585.52,11,37.6461062,127.0422599
575,다가구,도봉구,465.19,8,37.6406259,127.0509172
576,다가구,도봉구,587.6,10,37.6766531,127.0400863
577,다가구,도봉구,416.62,7,37.6755187,127.0410101
578,다가구,도봉구,551.16,11,37.6755187,127.0410101
579,다가구,도봉구,283.58,8,37.6766531,127.0400863
580,다가구,도봉구,316.71,8,37.67299,127.04186
581,다가구,도봉구,412.58,8,37.6409762,127.0483177
582,다가구,도봉구,424.77,8,37.6409762,127.0483177
583,다가구,도봉구,452.73,10,37.674343,127.0382468
584,다가구,서대문구,455.78,22,37.589635,126.9281963
585,다가구,강서구,241.68,4,37.5591636,126.838807
586,다가구,강서구,294.21,5,37.5591636,126.838807
587,다가구,강서구,294.18,5,37.5591636,126.838807
588,다가구,강서구,274.17,5,37.5591636,126.838807
589,다가구,도봉구,600.28,10,37.6755187,127.0410101
590,다가구,도봉구,606.06,9,37.6755187,127.0410101
591,다가구,도봉구,356.64,6,37.6755187,127.0410101
592,다가구,강서구,593.4,10,37.5475635,126.8595606
593,다가구,강북구,434.85,8,37.6641616,127.0194659
594,다가구,금천구,415.83,8,37.4680602,126.9165404
595,다가구,도봉구,586.74,12,37.6395129,127.050492
596,다가구,은평구,586.85,11,37.6340971,126.9237294
597,다가구,구로구,380.33,8,37.5095154,126.8509471
598,다가구,금천구,570.82,17,37.4692659,126.9078621
599,다가구,중랑구,543.01,11,37.5965182,127.1075141
600,다가구,중랑구,501.36,10,37.5979039,127.1074988
601,다가구,도봉구,595.13,12,37.6648385,127.0348246
602,다가구,도봉구,334.52,7,37.6766531,127.0400863
603,다가구,도봉구,591.71,11,37.6759023,127.0438365
604,다가구,강북구,310.99,8,37.6500299,127.0199437
605,다가구,강북구,503.47,10,37.6509532,127.0149411
606,다가구,강북구,590.64,11,37.6500299,127.0199437
607,다가구,은평구,138.27,16,37.5998135,126.9140957
608,다가구,양천구,588.16,10,37.5352163,126.8442472
609,다가구,양천구,586.57,11,37.535345,126.8435355
610,다가구,도봉구,587.56,10,37.66755,127.0454288
611,다가구,도봉구,475.22,10,37.6601268,127.0624121
612,다가구,도봉구,323.28,7,37.6449293,127.0483975
613,다가구,도봉구,604.25,12,37.6449293,127.0483975
614,다가구,도봉구,462.84,8,37.6406259,127.0509172
615,다가구,도봉구,464.68,8,37.6406259,127.0509172
616,다가구,도봉구,346.75,8,37.642158,127.0469473
617,다가구,도봉구,565,10,37.6424085,127.0463574
618,다가구,도봉구,473.45,8,37.6566915,127.0304791
619,다가구,도봉구,415.45,8,37.6566915,127.0304791
620,다가구,은평구,353.59,20,37.6121161,126.9204945
621,다가구,도봉구,491.73,10,37.6395129,127.050492
622,다가구,도봉구,364.08,8,37.6895983,127.0520798
623,다가구,도봉구,336.31,8,37.6449293,127.0483975
624,다가구,도봉구,491.4,10,37.6395129,127.050492
625,다가구,도봉구,457.47,10,37.6449293,127.0483975
626,다가구,도봉구,363.39,8,37.6888496,127.0514231
627,다가구,노원구,587.09,12,37.64347,127.07918
628,다가구,노원구,594.43,11,37.64347,127.07918
629,다가구,노원구,547.65,10,37.6431231,127.0806272
630,다가구,노원구,427.71,8,37.6431231,127.0806272
631,다가구,노원구,453.26,8,37.6431231,127.0806272
632,다가구,노원구,472.2,10,37.6431231,127.0806272
633,다가구,서대문구,578.78,10,37.599438,126.9407972
634,다가구,서대문구,170.2,4,37.599438,126.9407972
635,다가구,서대문구,573.06,10,37.599438,126.9407972
636,다가구,강서구,590.96,16,37.5492075,126.8412684
637,다가구,강북구,593.65,12,37.6458746,127.0404199
638,다가구,강북구,510.18,10,37.6300851,127.0209993
639,다가구,강북구,530.56,8,37.6300851,127.0209993
640,다가구,강북구,485.28,10,37.6300851,127.0209993
641,다가구,강북구,480.75,10,37.6443432,127.0256341
642,다가구,강북구,550.03,11,37.6443432,127.0256341
643,다가구,강북구,487.37,10,37.6526753,127.028263
644,다가구,강북구,492.46,10,37.6416147,127.0222114
645,다가구,강북구,398.8,8,37.6416147,127.0222114
646,다가구,강북구,523.57,11,37.6361763,127.0216842
647,다가구,강북구,419.52,8,37.6434064,127.0173216
648,다가구,강북구,600.79,12,37.654614,127.02758
649,다가구,강북구,527.22,11,37.6556907,127.0272448
650,다가구,강북구,494.28,10,37.654614,127.02758
651,다가구,강북구,593.32,11,37.6534156,127.0298501
652,다가구,강북구,594.62,14,37.6556907,127.0272448
653,다가구,구로구,496.76,10,37.4961293,126.8598384
654,다가구,구로구,481.21,10,37.5000673,126.8574058
655,다가구,구로구,468.96,10,37.5000673,126.8574058
656,다가구,구로구,383.08,8,37.5091554,126.8467894
657,다가구,구로구,599.28,12,37.4916902,126.8602367
658,다가구,구로구,205.53,4,37.4916902,126.8602367
659,다가구,금천구,470.33,8,37.4646244,126.9094976
660,다가구,노원구,352.01,8,37.6412937,127.0656301
661,다가구,도봉구,318.4,8,37.6545306,127.0434361
662,다가구,도봉구,293.8,8,37.6545306,127.0434361
663,다가구,동대문구,397.84,8,37.5762259,127.0727237
664,다가구,동대문구,343.54,8,37.5762259,127.0727237
665,다가구,동대문구,386.22,8,37.5762259,127.0727237
666,다가구,동대문구,356.88,8,37.5762259,127.0727237
667,다가구,동대문구,369.36,8,37.5760545,127.0729952
668,다가구,동대문구,356.88,8,37.5760545,127.0729952
669,다가구,서대문구,317.21,7,37.5894023,126.9210225
670,다가구,서대문구,487.13,10,37.5997107,126.9402029
671,다가구,서대문구,583.17,10,37.5997107,126.9402029
672,다가구,서대문구,478.04,8,37.5987587,126.9413906
673,다가구,서대문구,560.67,10,37.5987587,126.9413906
674,다가구,성북구,456.37,8,37.6146549,127.020154
675,다가구,성북구,346.48,8,37.618095,127.0195702
676,다가구,성북구,351.62,8,37.618095,127.0195702
677,다가구,양천구,581.32,10,37.5381775,126.8361945
678,다가구,양천구,468.58,8,37.535463,126.841925
679,다가구,양천구,595.88,11,37.5442741,126.8401639
680,다가구,은평구,465.54,8,37.6242805,126.9192776
681,다가구,노원구,231.45,6,37.6393613,127.0496084
682,다가구,강북구,481.58,10,37.6333642,127.0207288
683,다가구,강북구,430.92,10,37.6440158,127.0417011
684,다가구,강북구,384.22,9,37.6456262,127.0401248
685,다가구,강북구,420.72,8,37.6378926,127.0235955
686,다가구,강북구,392.88,8,37.6378926,127.0235955
687,다가구,강북구,441.25,10,37.6434064,127.0173216
688,다가구,강북구,535.54,11,37.6526753,127.028263
689,다가구,강북구,596.42,13,37.6526753,127.028263
690,다가구,구로구,542.08,10,37.4961293,126.8598384
691,다가구,서대문구,574.07,12,37.5875354,126.9233455
692,다가구,서대문구,565.02,10,37.5875354,126.9233455
693,다가구,서대문구,547.89,10,37.5997107,126.9402029
694,다가구,서대문구,429.1,7,37.5997107,126.9402029
695,다가구,서대문구,476.34,12,37.5997107,126.9402029
696,다가구,서대문구,324.88,7,37.6087848,126.955144
697,다가구,양천구,439.32,8,37.5400168,126.8413455
698,다가구,구로구,567.54,11,37.5000673,126.8574058
699,다가구,구로구,587.13,11,37.5133301,126.8627968
700,다가구,금천구,431.54,10,37.4571606,126.915467
701,다가구,양천구,308.92,8,37.5360514,126.844158
702,다가구,도봉구,517.71,10,37.6756268,127.0377337
703,다가구,중랑구,336.49,8,37.6084196,127.0964033
704,다가구,마포구,332.04,9,37.5623338,126.9106398
705,다가구,은평구,508.03,10,37.5993878,126.9272406
706,다가구,은평구,404.16,8,37.5993878,126.9272406
707,다가구,강북구,470.56,10,37.65426,127.01705
708,다가구,강북구,597.22,12,37.6516091,127.0204304
709,다가구,강북구,544.67,11,37.6516091,127.0204304
710,다가구,강북구,478.39,10,37.6516091,127.0204304
711,다가구,강북구,370.28,8,37.6516091,127.0204304
712,다가구,강북구,529.28,10,37.6516091,127.0204304
713,다가구,강북구,592.68,12,37.6500299,127.0199437
714,다가구,강북구,377.93,7,37.6500299,127.0199437
715,다가구,강북구,595.49,11,37.6385828,127.0227644
716,다가구,강북구,354.27,8,37.6398136,127.0212102
717,다가구,강북구,542.82,11,37.6434064,127.0173216
718,다가구,강북구,496.76,10,37.6434064,127.0173216
719,다가구,강북구,598.7,12,37.6553141,127.0283364
720,다가구,강북구,588.74,15,37.62897,127.01986
721,다가구,영등포구,292.98,8,37.4973561,126.9100887
722,다가구,금천구,456.9,9,37.4655858,126.9104831
723,다가구,구로구,551.6,10,37.49994,126.83176
724,다가구,구로구,511.52,10,37.4969208,126.8597442
725,다가구,양천구,508.56,12,37.5381136,126.8355241
726,다가구,금천구,351.58,8,37.4677353,126.9153373
727,다가구,양천구,419.98,8,37.5492166,126.874998
728,다가구,도봉구,411.95,10,37.6465328,127.0484626
729,다가구,도봉구,527.73,10,37.6914459,127.0499293
730,다가구,광진구,221.04,6,37.5635581,127.1007073
731,다가구,서대문구,516.18,10,37.5987587,126.9413906
732,다가구,서대문구,575,12,37.5987587,126.9413906
733,다가구,서대문구,331.54,6,37.5987587,126.9413906
734,다가구,강북구,510.55,11,37.62897,127.01986
735,다가구,은평구,600.4,11,37.6241162,126.9114926
736,다가구,강북구,592.79,12,37.6516091,127.0204304
737,다가구,강북구,272.77,8,37.636452,127.0217088
738,다가구,강북구,361.54,8,37.62897,127.01986
739,다가구,강북구,342.63,7,37.62897,127.01986
740,다가구,서대문구,285.31,6,37.5997107,126.9402029
741,다가구,중랑구,532.82,10,37.606697,127.0883377
742,다가구,중랑구,362.16,8,37.6043235,127.1080037
743,다가구,양천구,594.12,16,37.5349524,126.8430401
744,다가구,도봉구,590.52,12,37.6884829,127.0504211
745,다가구,도봉구,597.17,11,37.6884829,127.0504211
746,다가구,도봉구,592.68,12,37.6884829,127.0504211
747,다가구,양천구,421.81,10,37.535345,126.8435355
748,다가구,광진구,566,14,37.5471872,127.0727996
749,다가구,광진구,566,14,37.5471872,127.0727996
750,다가구,마포구,559.32,14,37.5628083,126.9094968
751,다가구,서대문구,375.46,8,37.5908525,126.9440397
752,다가구,동대문구,536.81,16,37.5877008,127.0398361
753,다가구,동대문구,378.86,13,37.5877008,127.0398361
754,다가구,도봉구,408.52,8,37.6465328,127.0484626
755,다가구,성북구,435.07,8,37.6239303,127.0635492
756,다가구,성북구,550.71,12,37.6239303,127.0635492
757,다가구,서대문구,341.88,7,37.5661281,126.9364622
758,다가구,성북구,597.68,12,37.6202163,127.0721425
759,다가구,성북구,471.84,8,37.6202163,127.0721425
760,다가구,성북구,478.4,8,37.6202163,127.0721425
761,다가구,강서구,411.02,8,37.5841132,126.8249574
762,다가구,강서구,435.82,8,37.5841132,126.8249574
763,다가구,강서구,565.87,12,37.5841132,126.8249574
764,다가구,서대문구,591.19,11,37.5850811,126.9341809
765,다가구,서대문구,497.75,10,37.5876848,126.9251246
766,다가구,서대문구,450.39,10,37.5876848,126.9251246
767,다가구,금천구,530.65,10,37.46048,126.90446
768,다가구,서대문구,401.45,8,37.5997107,126.9402029
769,다가구,서대문구,408.48,8,37.5997107,126.9402029
770,다가구,서대문구,397.72,8,37.5997107,126.9402029
771,다가구,은평구,536.8,10,37.632086,126.9274475
772,다가구,중랑구,420.67,8,37.6149383,127.0826773
773,다가구,광진구,243.73,6,37.5678051,127.0907821
774,다가구,중랑구,430.1,10,37.624319,127.0884352
775,다가구,종로구,500,30,37.57692,127.02283
776,다가구,중랑구,446.46,10,37.6160689,127.0865669
777,다가구,성북구,378.76,8,37.6156498,127.0142166
778,다가구,성북구,378.76,8,37.6156498,127.0142166
779,다가구,구로구,447.8,8,37.5046843,126.8474009
780,다가구,서대문구,455.62,10,37.589635,126.9281963
781,다가구,은평구,340.79,7,37.61909,126.92992
782,다가구,서대문구,374.1,7,37.5902196,126.9313421
783,다가구,서대문구,397.98,7,37.5880052,126.9270922
784,다가구,구로구,536.27,11,37.5010668,126.8566512
785,다가구,구로구,406.94,8,37.5008887,126.8589722
786,다가구,구로구,508.95,10,37.4990335,126.8585023
787,다가구,서대문구,388.36,8,37.58402,126.94035
788,다가구,서대문구,356,10,37.5871465,126.9340507
789,다가구,중랑구,448,11,37.5996322,127.1095106
790,다가구,구로구,593.6,11,37.5010668,126.8566512
791,다가구,강동구,482.72,10,37.5594089,127.144631
792,다가구,강동구,554.7,10,37.560141,127.1399859
793,다가구,서대문구,427.66,10,37.589635,126.9281963
794,다가구,은평구,317.49,6,37.5998135,126.9140957
795,다가구,중랑구,565.41,11,37.6022679,127.080034
796,다가구,중랑구,549.41,12,37.5903453,127.0844896
797,다가구,송파구,374.28,8,37.5087128,127.1474298
798,다가구,서대문구,577.38,11,37.5929877,126.9219631
799,다가구,서대문구,546.64,12,37.5929877,126.9219631
800,다가구,동대문구,561.7,10,37.5883361,127.0496263
801,다가구,동대문구,549.2,10,37.5883361,127.0496263
802,다가구,동대문구,273.76,6,37.5823606,127.0775581
803,다가구,강동구,585.96,12,37.560141,127.1399859
804,다가구,강동구,407.04,9,37.55556,127.13817
805,다가구,구로구,392.17,8,37.5095154,126.8509471
806,다가구,구로구,553.51,10,37.4961293,126.8598384
807,다가구,송파구,541,12,37.5000327,127.1388801
808,다가구,송파구,541,12,37.5000327,127.1388801
809,다가구,송파구,541,12,37.5000327,127.1388801
810,다가구,송파구,538.04,12,37.5000327,127.1388801
811,다가구,중랑구,509.98,11,37.5996322,127.1095106
812,다가구,관악구,437.92,8,37.485537,126.9552486
813,다가구,강동구,539.26,12,37.5602458,127.1417143
814,다가구,송파구,286.38,6,37.5087128,127.1474298
815,다가구,송파구,363.74,7,37.5133866,127.141264
816,다가구,강동구,381.24,8,37.5602458,127.1417143
817,다가구,강동구,396.72,8,37.5602458,127.1417143
818,다가구,중랑구,398.37,9,37.5961164,127.1072918
819,다가구,구로구,543.46,10,37.4987809,126.8945445
820,다가구,서대문구,436.16,10,37.589635,126.9281963
821,다가구,강동구,576.58,11,37.560684,127.1433
822,다가구,송파구,429.08,10,37.515878,127.1201057
823,다가구,구로구,419.1,8,37.5008887,126.8589722
824,다가구,강동구,471.76,10,37.5552928,127.1466939
825,다가구,강동구,513.32,10,37.5552866,127.1406135
826,다가구,강동구,580.96,11,37.5600098,127.1433061
827,다가구,동대문구,592.06,10,37.6239303,127.0635492
828,다가구,동대문구,522.34,9,37.6239303,127.0635492
829,다가구,동대문구,518.28,10,37.6239303,127.0635492
830,다가구,동대문구,592.76,10,37.6202163,127.0721425
831,다가구,동대문구,527.2,12,37.6202163,127.0721425
832,다가구,송파구,302.6,8,37.4993942,127.1332983
833,다가구,송파구,321.73,7,37.4913324,127.1366365
834,다가구,중랑구,469.99,10,37.5961164,127.1072918
835,다가구,중랑구,485.13,11,37.5965182,127.1075141
836,다가구,은평구,518.21,11,37.6303202,126.9360951
837,다가구,금천구,420.45,8,37.4577,126.91556
838,다가구,금천구,434.84,8,37.4534584,126.9080842
839,다가구,구로구,505,10,37.5106178,126.8649969
840,다가구,구로구,455,10,37.5106178,126.8649969
841,다가구,구로구,499.33,10,37.5106178,126.8649969
842,다가구,구로구,502.25,10,37.5106178,126.8649969
843,다가구,구로구,385.08,8,37.5095154,126.8509471
844,다가구,강동구,572.12,11,37.5443019,127.1537372
845,다가구,중랑구,273.48,6,37.5962069,127.087829
846,다가구,서대문구,406.47,7,37.589635,126.9281963
847,다가구,송파구,290.71,6,37.5096736,127.142683
848,다가구,양천구,486.95,10,37.5442573,126.8753955
849,다가구,노원구,540.34,12,37.6675142,127.0743627
850,다가구,송파구,336.62,7,37.511066,127.1422811
851,다가구,송파구,439.91,10,37.4921203,127.1368992
852,다가구,송파구,398.19,8,37.5061,127.15194
853,다가구,송파구,583.44,12,37.5061,127.15194
854,다가구,송파구,392.41,8,37.5061,127.15194
855,다가구,강동구,561.65,11,37.55556,127.13817
856,다가구,강동구,299.91,6,37.5549125,127.1479748
857,다가구,강동구,581.76,13,37.5512773,127.1453692
858,다가구,동대문구,446.2,10,37.5979661,127.0697765
859,다가구,광진구,581.03,16,37.5388794,127.0904296
860,다가구,중랑구,451.35,8,37.6013359,127.1060961
861,다가구,중랑구,182.84,4,37.6006609,127.1048755
862,다가구,송파구,294.34,8,37.514066,127.1452811
863,다가구,송파구,509.62,10,37.506396,127.1084017
864,다가구,송파구,541.24,12,37.506396,127.1084017
865,다가구,송파구,488.66,11,37.506396,127.1084017
866,다가구,송파구,337.6,7,37.5124046,127.1345329
867,다가구,송파구,286.52,6,37.5028257,127.1327539
868,다가구,송파구,300.83,7,37.5130338,127.1500136
869,다가구,광진구,374.97,7,37.5688352,127.087377
870,다가구,강동구,541.21,10,37.4925572,126.866878
871,다가구,강동구,541.21,10,37.4925572,126.866878
872,다가구,강동구,483.59,11,37.55856,127.14117
873,다가구,강동구,589.08,16,37.5640171,127.1422538
874,다가구,금천구,529.06,11,37.4728926,126.9107191
875,다가구,동대문구,591.84,8,37.5788334,127.0829248
876,다가구,동대문구,590.28,11,37.5788334,127.0829248
877,다가구,동대문구,590.28,11,37.5788334,127.0829248
878,다가구,은평구,318.05,7,37.6184124,126.9184235
879,다가구,관악구,273.16,7,37.4855573,126.9242091
880,다가구,중랑구,490.98,10,37.5934344,127.0912991
881,다가구,중랑구,590.52,12,37.6026097,127.0898676
882,다가구,은평구,530.54,9,37.630417,126.9249001
883,다가구,은평구,584.33,11,37.630417,126.9249001
884,다가구,은평구,585.87,13,37.6077598,126.9315082
885,다가구,강동구,390.9,9,37.5440318,127.1396105
886,다가구,송파구,545.24,12,37.5157113,127.1395532
887,다가구,서대문구,408.82,8,37.592635,126.9311963
888,다가구,송파구,334.85,6,37.5126736,127.145683
889,다가구,송파구,469.2,10,37.5123264,127.1460894
890,다가구,송파구,577.5,10,37.5209147,127.129472
891,다가구,송파구,372.22,8,37.4988945,127.1355961
892,다가구,송파구,460.92,10,37.4981662,127.1433976
893,다가구,송파구,413.68,11,37.518878,127.1231057
894,다가구,광진구,1000,24,37.5402297,127.0866287
895,다가구,중랑구,433.17,8,37.6226051,127.08459
896,다가구,동대문구,579.89,12,37.5893397,127.0796186
897,다가구,구로구,584.08,12,37.5159,126.86999
898,다가구,구로구,585.24,12,37.5159,126.86999
899,다가구,강동구,251.56,8,37.5573071,127.1498449
900,다가구,강동구,304.07,7,37.5548946,127.1419066
901,다가구,강동구,374.86,9,37.5589589,127.1472105
902,다가구,강동구,337.4,8,37.5589589,127.1472105
903,다가구,강동구,474.45,11,37.4925572,126.866878
904,다가구,광진구,1000,22,37.541202,127.0872744
905,다가구,노원구,1000,22,37.6382688,127.0842061
906,다가구,중랑구,1000,22,37.6083937,127.086586
907,다가구,강동구,369.68,8,37.5566376,127.1785566
908,다가구,강동구,360.2,8,37.5566376,127.1785566
909,다가구,강동구,396.41,10,37.5624089,127.147631
910,다가구,강동구,483.61,10,37.5632458,127.1447143
911,다가구,강동구,445.43,10,37.55856,127.14117
912,다가구,강동구,350.36,7,37.5573914,127.1483595
913,다가구,강동구,532.49,10,37.5573914,127.1483595
914,다가구,강동구,407.85,9,37.5589589,127.1472105
915,다가구,강동구,220.62,5,37.5569869,127.1407324
916,다가구,노원구,278.74,6,37.6705142,127.0773627
917,다가구,성북구,489.91,10,37.6198986,127.0224443
918,다가구,성북구,456.92,8,37.6222586,127.0104291
919,다가구,송파구,576.78,16,37.5184451,127.131023
920,다가구,송파구,550.49,12,37.5405984,127.1304132
921,다가구,송파구,532.53,12,37.5184451,127.131023
922,다가구,송파구,503.73,12,37.5184451,127.131023
923,다가구,은평구,562.22,12,37.629922,126.9210717
924,다가구,은평구,408.21,8,37.6301162,126.9174926
925,다가구,중랑구,479.19,10,37.6248019,127.0881973
926,다가구,광진구,415.53,10,37.5493797,127.1044994
927,다가구,광진구,387.29,10,37.5413532,127.0971329
928,다가구,강동구,589.52,12,37.5585932,127.1822079
929,다가구,강동구,377.94,8,37.5585932,127.1822079
930,다가구,강동구,418.08,8,37.5557819,127.1482871
931,다가구,강동구,585.56,11,37.5557819,127.1482871
932,다가구,송파구,428.48,10,37.5465392,127.1308735
933,다가구,강동구,473.25,10,37.5639051,127.1387573
934,다가구,강동구,410.04,10,37.56156,127.14417
935,다가구,광진구,297.96,6,37.5413532,127.0971329
936,다가구,광진구,581.97,15,37.544202,127.0902744
937,다가구,동대문구,550.02,10,37.6021454,127.0720217
938,다가구,동대문구,475.52,8,37.6021454,127.0720217
939,다가구,서대문구,375.79,8,37.595635,126.9341963
940,다가구,서대문구,377.35,8,37.595635,126.9341963
941,다가구,성북구,457.68,8,37.6222586,127.0104291
942,다가구,성북구,286.08,6,37.6222586,127.0104291
943,다가구,성북구,586.2,12,37.624564,127.0273668
944,다가구,성북구,465.28,8,37.6206549,127.026154
945,다가구,성북구,428.24,8,37.6300414,127.0175749
946,다가구,성북구,410.91,11,37.6300414,127.0175749
947,다가구,양천구,581.04,12,37.5387497,126.8638336
948,다가구,양천구,565.79,16,37.5387497,126.8638336
949,다가구,양천구,511.36,12,37.5390963,126.8666045
950,다가구,양천구,511.36,12,37.5390963,126.8666045
951,다가구,양천구,511.36,12,37.5390963,126.8666045
952,다가구,양천구,421.84,10,37.5390963,126.8666045
953,다가구,중랑구,454.78,10,37.6056322,127.1155106
954,다가구,동대문구,1000,22,37.5871492,127.0613699
955,다가구,강동구,438.53,10,37.5572135,127.1493444
956,다가구,성동구,390.07,7,37.5618988,127.0779909
957,다가구,성북구,589.93,12,37.6133932,127.053513
958,다가구,은평구,1199.19,27,37.6336922,126.9339477
959,다가구,광진구,414.36,8,37.575759,127.0895353
960,다가구,광진구,529.09,10,37.575759,127.0895353
961,다가구,강동구,426.95,11,37.546381,127.1376783
962,다가구,강동구,575.22,12,37.5578946,127.1449066
963,다가구,강동구,425.43,9,37.5603914,127.1513595
964,다가구,구로구,553.31,12,37.5021293,126.8658384
965,다가구,노원구,291.67,6,37.6472937,127.0716301
966,다가구,동대문구,0,16,37.6021454,127.0720217
967,다가구,송파구,425.3,10,37.5160338,127.1530136
968,다가구,송파구,389.84,10,37.5125953,127.152018
969,다가구,강동구,437.68,10,37.5537764,127.1493624
970,다가구,강동구,553.45,11,37.5595908,127.1420027
971,다가구,강동구,362.45,8,37.5588614,127.1821745
972,다가구,강동구,498.92,10,37.5641143,127.1485393
973,다가구,강동구,476.66,10,37.5531281,127.1474549
974,다가구,강동구,522.35,10,37.5558871,127.1478138
975,다가구,강동구,385.06,8,37.540952,127.1389059
976,다가구,강동구,583.87,10,37.5615519,127.14927
977,다가구,강동구,442.4,10,37.560865,127.1506725
978,다가구,관악구,488.56,10,37.5061786,126.9432148
979,다가구,광진구,575.18,15,37.5418794,127.0934296
980,다가구,광진구,472.07,13,37.5464195,127.0933286
981,다가구,광진구,486.95,13,37.5464195,127.0933286
982,다가구,광진구,463.96,10,37.5434815,127.0938173
983,다가구,광진구,571.06,13,37.5840673,127.0943763
984,다가구,광진구,565.43,15,37.5840673,127.0943763
985,다가구,광진구,449.5,10,37.5755611,127.0900972
986,다가구,금천구,580.85,12,37.4889396,126.9139248
987,다가구,노원구,369.03,7,37.6735142,127.0803627
988,다가구,노원구,578.81,12,37.6856613,127.06413
989,다가구,동대문구,1634.01,35,37.5759552,127.0809645
990,다가구,동작구,584.17,13,37.4930965,126.9865833
991,다가구,서초구,411.78,10,37.4820515,127.0566406
992,다가구,양천구,575.32,14,37.553057,126.8831074
993,다가구,영등포구,560.05,11,37.5109077,126.9083838
994,다가구,중랑구,398.91,10,37.6041444,127.1157993
995,다가구,중랑구,398.58,8,37.6217706,127.0893808
996,다가구,노원구,587.66,11,37.6875081,127.0740072
997,다가구,강동구,506.74,10,37.5640241,127.1503955
998,다가구,강동구,375.48,8,37.560865,127.1506725
999,다가구,강동구,369.07,8,37.5588614,127.1821745
1000,다가구,강동구,592.92,12,37.5646478,127.1514114
1001,다가구,강동구,401.64,7,37.5619589,127.1502105
1002,다가구,송파구,531.6,11,37.5070111,127.1460804
1003,다가구,강남구,399.26,10,37.4863612,127.0651947
1004,다가구,강남구,394.46,10,37.4856313,127.0640654
1005,다가구,구로구,505.4,10,37.5208836,126.8599435
1006,다가구,동대문구,395.88,8,37.6021454,127.0720217
1007,다가구,동대문구,454.28,10,37.5954824,127.0527892
1008,다가구,성북구,537.44,10,37.62673,127.05215
1009,다가구,성북구,529.78,15,37.6273627,127.0560723
1010,다가구,성북구,560.89,15,37.6273627,127.0560723
1011,다가구,성북구,366.44,8,37.6273627,127.0560723
1012,다가구,성북구,353.33,8,37.6273627,127.0560723
1013,다가구,양천구,407.53,11,37.5557255,126.8804458
1014,다가구,영등포구,532.3,10,37.5215524,126.9226654
1015,다가구,은평구,436.58,8,37.6058135,126.9200957
1016,다가구,은평구,455.15,14,37.6058135,126.9200957
1017,다가구,동대문구,588.16,12,37.5872885,127.0834863
1018,다가구,동대문구,470.12,8,37.5872885,127.0834863
1019,다가구,동대문구,588.16,12,37.5885348,127.0826919
1020,다가구,동대문구,470.12,8,37.5885348,127.0826919
1021,다가구,동작구,468.84,8,37.5060814,126.9916986
1022,다가구,동작구,585.2,12,37.5060814,126.9916986
1023,다가구,성북구,580.81,15,37.6291569,127.0580801
1024,다가구,성북구,582.71,14,37.6291569,127.0580801
1025,다가구,은평구,507.5,9,37.5976647,126.9114766
1026,다가구,강동구,510.65,10,37.5592318,127.151563
1027,다가구,광진구,469.64,14,37.5490635,127.0938346
1028,다가구,광진구,357.8,8,37.5490635,127.0938346
1029,다가구,서대문구,571.09,14,37.5815428,126.9731082
1030,다가구,서대문구,579.24,11,37.5924396,126.9279143
1031,다가구,성북구,408.72,8,37.6273627,127.0560723
1032,다가구,동대문구,504.1,10,37.5827228,127.0805228
1033,다가구,동대문구,504.1,10,37.5827228,127.0805228
1034,다가구,동대문구,479.44,8,37.5827228,127.0805228
1035,다가구,동대문구,352.73,7,37.5767453,127.0761517
1036,다가구,관악구,1000,23,37.5015569,126.9308214
1037,다가구,강동구,522.83,11,37.5522053,127.1603146
1038,다가구,강동구,397.88,8,37.5577586,127.1501696
1039,다가구,도봉구,474.93,11,37.6645654,127.0432531
1040,다가구,동대문구,531.64,12,37.5759552,127.0809645
1041,다가구,동대문구,538.02,10,37.5759552,127.0809645
1042,다가구,동대문구,497.89,10,37.589431,127.083637
1043,다가구,동대문구,412.49,8,37.5775133,127.0753478
1044,다가구,성북구,582.84,12,37.6299303,127.0695492
1045,다가구,성북구,582.84,12,37.6299303,127.0695492
1046,다가구,성북구,589.94,12,37.6299303,127.0695492
1047,다가구,성북구,382.69,6,37.6299303,127.0695492
1048,다가구,송파구,538.46,12,37.5068177,127.1490811
1049,다가구,송파구,540.25,10,37.5216286,127.1533605
1050,다가구,영등포구,356.44,7,37.5228069,126.9260392
1051,다가구,은평구,564.37,13,37.62628965,126.9210209
1052,다가구,강동구,542.78,10,37.5584562,127.1362916
1053,다가구,강동구,400,8,37.5584562,127.1362916
1054,다가구,강동구,430.02,8,37.5577586,127.1501696
1055,다가구,구로구,564.84,14,37.5187277,126.8758658
1056,다가구,금천구,479.84,8,37.4852845,126.9047604
1057,다가구,금천구,478.82,8,37.4852845,126.9047604
1058,다가구,금천구,397.13,8,37.4764193,126.9112997
1059,다가구,금천구,463.29,10,37.461783,126.9201064
1060,다가구,양천구,382.62,8,37.5571936,126.8860744
1061,다가구,도봉구,495.68,10,37.6663129,127.0692911
1062,다가구,강동구,543.81,13,37.5654089,127.150631
1063,다가구,강동구,371.02,8,37.5539649,127.1478855
1064,다가구,강동구,468.68,10,37.5539649,127.1478855
1065,다가구,동대문구,541.58,10,37.5823006,127.0845818
1066,다가구,은평구,474.97,10,37.6129512,126.9367371
1067,다가구,강동구,534.31,10,37.5627802,127.1509119
1068,다가구,금천구,355.17,6,37.4683934,126.9221641
1069,다가구,금천구,475.76,8,37.4683934,126.9221641
1070,다가구,금천구,505.4,8,37.4683934,126.9221641
1071,다가구,금천구,591.4,8,37.4683934,126.9221641
1072,다가구,금천구,488.7,12,37.4718119,126.9160485
1073,다가구,서초구,460.78,10,37.4872782,127.0598425
1074,다가구,양천구,577.76,12,37.5500614,126.8805314
1075,다가구,양천구,417.28,9,37.5500614,126.8805314
1076,다가구,양천구,578.42,15,37.5547934,126.8786583
1077,다가구,영등포구,524.84,12,37.5098798,126.9089318
1078,다가구,은평구,546.96,13,37.62265655,126.9249124
1079,다가구,은평구,414.02,8,37.62645085,126.9206407
1080,다가구,은평구,460.16,11,37.6276779,126.920923
1081,다가구,성북구,660,16,37.6195596,127.0565078
1082,다가구,성북구,660,20,37.6195596,127.0565078
1083,다가구,성북구,660,20,37.6195596,127.0565078
1084,다가구,성북구,660,20,37.6195596,127.0565078
1085,다가구,성북구,660,24,37.6195596,127.0565078
1086,다가구,성북구,660,24,37.6195596,127.0565078
1087,다가구,성북구,660,24,37.6195596,127.0565078
1088,다가구,강동구,372.8,7,37.5588614,127.1821745
1089,다가구,금천구,388.38,10,37.4744085,126.9213943
1090,다가구,금천구,523.53,12,37.466242,126.9217992
1091,다가구,양천구,473.61,11,37.5531806,126.8846261
1092,도시형,강남구,166.5,10,37.5921729,127.0528684
1093,도시형,강동구,415.08,14,37.5455144,127.1405341
1094,도시형,강동구,574.4,16,37.4955572,126.869878
1095,도시형,강동구,543.9,16,37.5585932,127.1822079
1096,도시형,강동구,327.12,10,37.5606378,127.1844695
1097,도시형,강동구,408.22,14,37.5531281,127.1474549
1098,도시형,강동구,552.84,23,37.5569865,127.1424649
1099,도시형,강동구,297.3,10,37.5655546,127.1408186
1100,도시형,강동구,559.89,24,37.5568381,127.1435558
1101,도시형,강북구,493.1,28,37.6616907,127.0332448
1102,도시형,강북구,348.01,20,37.6418252,127.0300625
1103,도시형,강북구,314.14,18,37.6166774,127.0385753
1104,도시형,강북구,394.68,22,37.6582734,127.0715517
1105,도시형,강북구,280.84,20,37.6448081,127.0279191
1106,도시형,강서구,508.95,29,37.5809142,126.8274979
1107,도시형,강서구,1033.14,60,37.5612932,126.8878578
1108,도시형,강서구,426.5,13,37.5473296,126.831713
1109,도시형,강서구,270.32,11,37.5512607,126.869148
1110,도시형,강서구,249.98,12,37.5476836,126.8686101
1111,도시형,관악구,202.87,12,37.4790516,126.9486652
1112,도시형,관악구,202.87,12,37.4790516,126.9486652
1113,도시형,광진구,410,20,37.5565359,127.0956384
1114,도시형,광진구,769.87,25,37.5459962,127.0924362
1115,도시형,구로구,443.24,27,37.5050335,126.8645023
1116,도시형,구로구,459.49,27,37.5023018,126.8657079
1117,도시형,구로구,407.44,22,37.5061091,126.8665211
1118,도시형,구로구,421.17,22,37.5062853,126.8654076
1119,도시형,구로구,421.39,24,37.5068887,126.8649722
1120,도시형,구로구,515.83,26,37.5172623,126.8776159
1121,도시형,구로구,391.64,20,37.5060673,126.8634058
1122,도시형,구로구,473.92,18,37.5062853,126.8654076
1123,도시형,구로구,481.44,18,37.5050335,126.8645023
1124,도시형,구로구,437.3,18,37.5023018,126.8657079
1125,도시형,구로구,467.46,24,37.5050335,126.8645023
1126,도시형,구로구,485.1,12,37.5029208,126.8657442
1127,도시형,구로구,392.24,12,37.5050335,126.8645023
1128,도시형,구로구,378.64,12,37.5050335,126.8645023
1129,도시형,구로구,409.35,16,37.5060673,126.8634058
1130,도시형,구로구,424.96,12,37.50703,126.8659741
1131,도시형,구로구,508.31,14,37.5050335,126.8645023
1132,도시형,금천구,276.83,16,37.4741071,126.9154942
1133,도시형,금천구,366.68,14,37.4768669,126.9173985
1134,도시형,금천구,502.46,17,37.4909234,126.9186859
1135,도시형,금천구,286.78,16,37.4686669,126.9195602
1136,도시형,노원구,497.24,28,37.6451433,127.0711182
1137,도시형,노원구,429.33,25,37.6370719,127.0905937
1138,도시형,노원구,494.3,29,37.6451433,127.0711182
1139,도시형,노원구,337.21,16,37.6328352,127.0929446
1140,도시형,노원구,500.32,24,37.6875081,127.0740072
1141,도시형,노원구,402.6,15,37.6500442,127.0901725
1142,도시형,노원구,315.76,12,37.6500442,127.0901725
1143,도시형,노원구,1027,28,37.6500442,127.0901725
1144,도시형,도봉구,236.24,8,37.6514322,127.048358
1145,도시형,도봉구,551.48,18,37.6791103,127.0496558
1146,도시형,도봉구,418.43,14,37.6724389,127.0500818
1147,도시형,도봉구,418.43,14,37.6727524,127.0519719
1148,도시형,동대문구,837.81,29,37.5749428,127.0822148
1149,도시형,동대문구,837.81,29,37.5749428,127.0822148
1150,도시형,동대문구,368.83,16,37.6021019,127.0749942
1151,도시형,동대문구,752.94,26,37.577027,127.0756549
1152,도시형,동대문구,719.2,24,37.577027,127.0756549
1153,도시형,동대문구,467.76,14,37.5757744,127.074308
1154,도시형,동작구,463.48,14,37.508904,126.9511663
1155,도시형,동작구,1033.44,26,37.5068089,126.943727
1156,도시형,마포구,253.94,19,37.5676358,126.9229249
1157,도시형,마포구,600.75,40,37.5873954,126.9081455
1158,도시형,마포구,475.51,29,37.5756775,126.9190396
1159,도시형,마포구,598.78,28,37.5757536,126.9395726
1160,도시형,마포구,410.19,16,37.5692777,126.9177718
1161,도시형,마포구,425.41,13,37.5738618,126.9135211
1162,도시형,서대문구,392.45,24,37.5953504,126.9281666
1163,도시형,서대문구,335.92,19,37.5933014,126.9380688
1164,도시형,서대문구,369.12,20,37.6121138,126.9616015
1165,도시형,서대문구,350.62,24,37.5923293,126.9410044
1166,도시형,서대문구,393.08,28,37.595635,126.9341963
1167,도시형,서대문구,293.82,15,37.5897681,126.9398171
1168,도시형,서대문구,355,20,37.5777638,126.920153
1169,도시형,서대문구,220.74,14,37.5897681,126.9398171
1170,도시형,서대문구,382.2,14,37.5971049,126.9411067
1171,도시형,서대문구,264.74,14,37.5923293,126.9410044
1172,도시형,서대문구,403.12,16,37.595635,126.9341963
1173,도시형,서대문구,419.49,14,37.595635,126.9341963
1174,도시형,서대문구,469.41,14,37.589635,126.9281963
1175,도시형,서대문구,326.03,19,37.5876848,126.9251246
1176,도시형,서대문구,397.68,14,37.5883843,126.9263206
1177,도시형,서대문구,293.74,12,37.5863293,126.9350044
1178,도시형,서대문구,493.12,24,37.6061116,126.9584923
1179,도시형,서대문구,384.65,12,37.5850811,126.9341809
1180,도시형,서대문구,312.09,14,37.5837681,126.9338171
1181,도시형,서대문구,379.94,16,37.5850811,126.9341809
1182,도시형,서대문구,314.1,12,37.5850811,126.9341809
1183,도시형,서대문구,260.51,14,37.5861769,126.9206241
1184,도시형,서대문구,247.03,13,37.5895334,126.9248699
1185,도시형,서대문구,456.58,16,37.5873014,126.9320688
1186,도시형,서대문구,435.16,15,37.5873014,126.9320688
1187,도시형,서대문구,363.76,14,37.5899214,126.9281997
1188,도시형,서대문구,306.12,17,37.589288,126.9214592
1189,도시형,서대문구,378.14,13,37.5775757,126.9375063
1190,도시형,서대문구,494.84,18,37.5892714,126.9225088
1191,도시형,성동구,389.62,11,37.5674542,127.0696275
1192,도시형,성동구,489.59,15,37.5674542,127.0696275
1193,도시형,성북구,267.09,17,37.618564,127.0213668
1194,도시형,성북구,401.55,23,37.6167617,127.0127041
1195,도시형,성북구,271.37,19,37.6163717,127.0217942
1196,도시형,성북구,359.79,24,37.618564,127.0213668
1197,도시형,성북구,316.55,20,37.6163717,127.0217942
1198,도시형,성북구,257.41,17,37.6171068,127.0215276
1199,도시형,성북구,323.89,22,37.616128,127.0178888
1200,도시형,성북구,386.85,15,37.6171068,127.0215276
1201,도시형,성북구,221.9,12,37.6137981,127.0158113
1202,도시형,성북구,367.61,14,37.619952,127.0155262
1203,도시형,성북구,338.89,12,37.6056183,127.0108477
1204,도시형,성북구,382.32,16,37.6133744,127.0212163
1205,도시형,성북구,377.57,16,37.6169806,127.0173897
1206,도시형,성북구,482,19,37.6191592,127.0167421
1207,도시형,성북구,427.22,14,37.6059781,127.0355287
1208,도시형,송파구,488.69,17,37.511066,127.1422811
1209,도시형,송파구,339.17,10,37.5001795,127.1355924
1210,도시형,송파구,564.83,15,37.5127131,127.1373629
1211,도시형,송파구,349.92,12,37.5173443,127.1241964
1212,도시형,송파구,419.63,13,37.5001824,127.1326442
1213,도시형,송파구,388.44,12,37.515878,127.1201057
1214,도시형,양천구,494.99,13,37.5352163,126.8442472
1215,도시형,양천구,404.74,13,37.5329606,126.8626866
1216,도시형,양천구,204.07,10,37.5537096,126.8715668
1217,도시형,양천구,256.16,8,37.5527937,126.8787432
1218,도시형,양천구,441.54,14,37.5294188,126.8624497
1219,도시형,양천구,449.68,16,37.5327497,126.8578336
1220,도시형,양천구,331.92,12,37.5327497,126.8578336
1221,도시형,양천구,560.75,23,37.5336057,126.8583537
1222,도시형,영등포구,283.79,17,37.4981794,126.9115153
1223,도시형,영등포구,559.63,20,37.5201618,126.9255244
1224,도시형,영등포구,412.12,14,37.5168069,126.9200392
1225,도시형,영등포구,480.96,19,37.5168069,126.9200392
1226,도시형,영등포구,380.63,12,37.5135972,126.9132648
1227,도시형,은평구,340.49,18,37.60775,126.9226606
1228,도시형,은평구,174.14,11,37.6113692,126.9253695
1229,도시형,은평구,278.19,12,37.5993374,126.923276
1230,도시형,은평구,485.7,15,37.6308452,126.9299663
1231,도시형,은평구,247.35,11,37.61527775,126.9154048
1232,도시형,은평구,503,16,37.6074484,126.9180774
1233,도시형,중랑구,500.5,29,37.5965182,127.1075141
1234,도시형,중랑구,469.57,14,37.5979039,127.1074988
1235,도시형,중랑구,307.76,8,37.5969777,127.0841629
1236,도시형,중랑구,378.12,12,37.5992105,127.1017142
1237,도시형,중랑구,442.44,13,37.6237081,127.0885654
1238,도시형,중랑구,406.16,16,37.604878,127.0915379
1239,도시형,중랑구,516.1,14,37.5979039,127.1074988
1240,도시형,중랑구,783.54,25,37.6054528,127.0888102
1241,도시형,중랑구,416.09,12,37.6188019,127.0821973
1242,도시형,중랑구,697.6,24,37.6142714,127.0867347
1243,도시형,중랑구,415.76,15,37.5918152,127.085261
1244,도시형,강동구,393.76,14,37.54107,127.1307455
1245,도시형,동대문구,450.85,14,37.5707453,127.0701517
1246,도시형,동대문구,545.01,17,37.5762259,127.0727237
1247,도시형,광진구,897.46,29,37.5368151,127.0871773
1248,도시형,성동구,386.64,12,37.5581474,127.0747587
1249,도시형,성북구,562.72,19,37.6230606,127.051307
1250,도시형,성북구,359.29,16,37.618564,127.0213668
1251,도시형,성북구,248.18,10,37.618564,127.0213668
1252,도시형,양천구,489.33,17,37.5413158,126.8735328
1253,도시형,강동구,353.56,10,37.5528614,127.1761745
1254,도시형,강동구,492.74,14,37.5339122,127.1312873
1255,도시형,광진구,550.84,20,37.5658352,127.084377
1256,도시형,금천구,483.36,16,37.4812471,126.9021422
1257,도시형,금천구,483.36,16,37.4812471,126.9021422
1258,도시형,금천구,483.36,16,37.4812471,126.9021422
1259,도시형,성북구,472.96,16,37.6050955,127.034528
1260,도시형,강동구,426.45,15,37.5515307,127.1303376
1261,도시형,강동구,549.92,20,37.5560696,127.13696
1262,도시형,강동구,569.56,18,37.5560696,127.13696
1263,도시형,양천구,547.62,15,37.5336057,126.8583537
1264,도시형,강남구,305.1,18,37.5861729,127.0468684
1265,도시형,강남구,444.57,17,37.4862932,127.0535043
1266,도시형,강동구,433.24,16,37.5543914,127.1453595
1267,도시형,노원구,550.92,20,37.6318275,127.0794857
